config,refinement_spread,best_abs_error
Rannacher + L2 projection,1.4331573563175493e-05,1.42853664597542e-06
Rannacher + cell average,3.0018528816400103e-05,3.4990329589312807e-06
CN + none,0.011818450903224031,0.001974827617121533
Rannacher + none,0.011818466375910552,0.0019748380739070814
