scenario,strike,tau,runtime_ms,min_ms,mean_ms,median_ms,std_ms
ATM 1Y,100.0,1.0,0.505900003190618,0.4856999948970042,0.5046444429252814,0.505900003190618,0.015338773813465642
ATM 2W,100.0,0.02,0.4865000009885989,0.45390000013867393,0.4880222210582967,0.4865000009885989,0.01801824799753697
OTM 1Y,140.0,1.0,0.5380000002332963,0.4761000018334016,0.7146000005175464,0.5380000002332963,0.29829590154515995
