n_strikes,scalar_loop,vectorized_slice,vectorized_speedup_x
21,9.550650000164751,0.5964000010862947,16.01383296909626
61,30.15804999813554,0.6976000004215166,43.23114962716871
201,103.24245000083465,0.981800003501121,105.1562941868708
801,351.35779999836814,0.8097999962046742,433.88219516558706
