scenario,strike,tau,runtime_ms,min_ms,mean_ms,median_ms,std_ms
ATM 1Y,100.0,1.0,0.49199999921256676,0.48349999997299165,0.497344444738701,0.49199999921256676,0.012848788490605396
ATM 2W,100.0,0.02,0.5069999970146455,0.48550000065006316,0.5195777775952592,0.5069999970146455,0.031208538593561156
OTM 1Y,140.0,1.0,0.46740000107092783,0.41909999708877876,0.4656555562784585,0.46740000107092783,0.03243205344283254
