n_strikes,scalar_loop,vectorized_slice,vectorized_speedup_x
21,32.569099974352866,3.1015999848023057,10.500741595931109
61,109.42005005199462,2.9519000090658665,37.067668185217684
201,338.5392999625765,3.1118999468162656,108.7886197333981
801,1405.3721000091173,2.4299999931827188,578.3424296098108
