n_strikes,scalar_loop,vectorized_slice,vectorized_speedup_x
21,9.168699999918317,0.580499999841777,15.794487514930866
61,26.933450000001358,0.591000000213171,45.57267341842062
201,86.5430500000457,0.6352000000333646,136.24535578636636
801,351.6012000000046,0.8635000001504523,407.1814706876007
