scenario,strike,tau,runtime_ms,min_ms,mean_ms,median_ms,std_ms
ATM 1Y,100.0,1.0,0.4495000000588334,0.42419999999765423,0.45728888883584456,0.4495000000588334,0.028995303996384822
ATM 2W,100.0,0.02,0.4420999998728803,0.4252000001088163,0.5275888888718328,0.4420999998728803,0.13374756028633852
OTM 1Y,140.0,1.0,0.42949999988195486,0.4249999999501597,0.4386333333109683,0.42949999988195486,0.02083613312579464
