n_strikes,scalar_loop,vectorized_slice,vectorized_speedup_x
21,10.085249999974621,0.6473999965237454,15.578081640605498
61,27.994050000415882,0.5700999972759746,49.103753962771016
201,90.03999999913503,0.6458000061684288,139.42396893637073
801,358.2324500021059,0.9200999993481673,389.3407784543973
