scenario,strike,tau,runtime_ms,min_ms,mean_ms,median_ms,std_ms
ATM 1Y,100.0,1.0,0.6194000015966594,0.6063999971956946,0.6666111116323413,0.6194000015966594,0.11135515066451578
ATM 2W,100.0,0.02,0.6140000041341409,0.6043999965186231,0.6254444451769814,0.6140000041341409,0.034541443773701566
OTM 1Y,140.0,1.0,0.6113999988883734,0.5955000015092082,0.6120222209978642,0.6113999988883734,0.010032810500380466
