n_strikes,scalar_loop,vectorized_slice,vectorized_speedup_x
21,10.356150000006892,0.9449999997741543,10.95888889151525
61,30.870449998474214,0.6123999992269091,50.40896479007989
201,102.43635000369977,0.6780000039725564,151.0860610671119
801,444.28605000211974,1.1735000007320195,378.5991050063722
