n_strikes,scalar_loop,vectorized_slice,vectorized_speedup_x
21,14.268999995692866,0.7901999997557141,18.05745380929391
61,39.01494999809074,0.7727999982307665,50.485183860521246
201,128.0658499999845,0.9176999956252985,139.5508887550158
801,498.0403000008664,1.1166999975102954,445.9929265794368
