scenario,strike,tau,runtime_ms,min_ms,mean_ms,median_ms,std_ms
ATM 1Y,100.0,1.0,1.818799995817244,0.9881999576464295,1.7665333321524992,1.818799995817244,0.39672024096841585
ATM 2W,100.0,0.02,2.1795000648126006,1.5224999515339732,2.1186888916417956,2.1795000648126006,0.26798387279052704
OTM 1Y,140.0,1.0,1.499100006185472,1.2117000296711922,1.5922222260592713,1.499100006185472,0.318977740078829
