scenario,strike,tau,runtime_ms,min_ms,mean_ms,median_ms,std_ms
ATM 1Y,100.0,1.0,0.44940000225324184,0.4369000016595237,0.4518333355210618,0.44940000225324184,0.012734816969579324
ATM 2W,100.0,0.02,0.46039999870117754,0.43510000250535086,0.45986666777429897,0.46039999870117754,0.023746251130522627
OTM 1Y,140.0,1.0,0.508999997691717,0.4350000017439015,0.5057111112465564,0.508999997691717,0.05407992970662529
