strike_coordinate,nT,nK,grid_points,runtime_ms,invalid_share,interior_invalid_share,invalid_count,min_ms,mean_ms,median_ms,std_ms
K,31,61,1891,0.647299995762296,0.09518773135906927,0.0,180,0.5328999977791682,0.6439666637258293,0.647299995762296,0.08935581798327037
K,61,121,7381,0.7383999982266687,0.04877387887820078,0.0,360,0.7143000038922764,0.8425333338285176,0.7383999982266687,0.16460235492786315
K,121,241,29161,1.3271999996504746,0.024690511299338157,0.0,720,1.3077000039629638,1.3518666673917323,1.3271999996504746,0.04931925295409567
logK,31,61,1891,0.513600003614556,0.09518773135906927,0.0,180,0.5111999998916872,0.5197333351437313,0.513600003614556,0.010417080215394278
logK,61,121,7381,0.7370999956037849,0.04877387887820078,0.0,360,0.706200000422541,0.7349666654287527,0.7370999956037849,0.022667205661079475
logK,121,241,29161,1.3121000010869466,0.024690511299338157,0.0,720,1.2386000016704202,1.3335666662896983,1.3121000010869466,0.08762839227343897
