strike_coordinate,nT,nK,grid_points,runtime_ms,invalid_share,interior_invalid_share,invalid_count,min_ms,mean_ms,median_ms,std_ms
K,31,61,1891,0.39719999995213584,0.09518773135906927,0.0,180,0.3927999998722953,0.41733333326495387,0.39719999995213584,0.03163514223253679
K,61,121,7381,0.614499999983309,0.04877387887820078,0.0,360,0.5684000000201195,0.6207000000510258,0.614499999983309,0.04544586528904987
K,121,241,29161,1.1552999999366875,0.024690511299338157,0.0,720,1.1534000000210654,1.222599999967618,1.1552999999366875,0.09652319236090207
logK,31,61,1891,0.6779000000278756,0.09518773135906927,0.0,180,0.6366000000070926,0.67563333338209,0.6779000000278756,0.030986699697470907
logK,61,121,7381,0.562599999966551,0.04877387887820078,0.0,360,0.5570999999235937,0.5671999999018832,0.562599999966551,0.010634221432510313
logK,121,241,29161,1.1845999999877677,0.024690511299338157,0.0,720,1.0985999999775231,1.3570000000224052,1.1845999999877677,0.3066382016338103
