strike_coordinate,nT,nK,grid_points,runtime_ms,invalid_share,interior_invalid_share,invalid_count,min_ms,mean_ms,median_ms,std_ms
K,31,61,1891,0.4994999981136061,0.09518773135906927,0.0,180,0.48039999819593504,0.5087000002580074,0.4994999981136061,0.027639226181014474
K,61,121,7381,0.6132000053185038,0.04877387887820078,0.0,360,0.5954000007477589,1.108533334142218,0.6132000053185038,0.7131306409743716
K,121,241,29161,1.1092999993707053,0.024690511299338157,0.0,720,1.0504999954719096,1.0986666651054595,1.1092999993707053,0.03578569139126972
logK,31,61,1891,0.3858999989461154,0.09518773135906927,0.0,180,0.38299999869195744,0.387766667699907,0.3858999989461154,0.004837587399006151
logK,61,121,7381,0.5485000001499429,0.04877387887820078,0.0,360,0.5463999987114221,0.5498333339346573,0.5485000001499429,0.0034778682727553416
logK,121,241,29161,1.086099997337442,0.024690511299338157,0.0,720,1.0518999988562427,1.0857666638912633,1.086099997337442,0.027516942897227597
