strike_coordinate,nT,nK,grid_points,runtime_ms,invalid_share,interior_invalid_share,invalid_count,min_ms,mean_ms,median_ms,std_ms
K,31,61,1891,0.39539999852422625,0.09518773135906927,0.0,180,0.39209999522427097,0.39493333072944853,0.39539999852422625,0.0021483858256089194
K,61,121,7381,0.5718000029446557,0.04877387887820078,0.0,360,0.5468000017572194,1.0472666666222115,0.5718000029446557,0.6901645438275066
K,121,241,29161,1.1357999974279664,0.024690511299338157,0.0,720,1.1143000010633841,1.139866665956409,1.1357999974279664,0.02271802952385557
logK,31,61,1891,0.4010999982710928,0.09518773135906927,0.0,180,0.39229999674716964,0.4004333313787356,0.4010999982710928,0.006386096984912787
logK,61,121,7381,0.5434999984572642,0.04877387887820078,0.0,360,0.5357000045478344,0.5422333342721686,0.5434999984572642,0.004899884398189949
logK,121,241,29161,1.1008000001311302,0.024690511299338157,0.0,720,1.0470999986864626,1.08380000165198,1.1008000001311302,0.02597422018542601
