strike_coordinate,nT,nK,grid_points,runtime_ms,invalid_share,interior_invalid_share,invalid_count,min_ms,mean_ms,median_ms,std_ms
K,31,61,1891,0.9995000436902046,0.09518773135906927,0.0,180,0.964400009252131,1.135833328589797,0.9995000436902046,0.2180951094013625
K,61,121,7381,1.6497999895364046,0.04877387887820078,0.0,360,1.306000049225986,2.8203666831056275,1.6497999895364046,1.9037156351678133
K,121,241,29161,3.509500063955784,0.024690511299338157,0.0,720,2.818099921569228,3.7328333128243685,3.509500063955784,0.8528013825992995
logK,31,61,1891,0.9267999557778239,0.09518773135906927,0.0,180,0.8927000453695655,0.9292999748140574,0.9267999557778239,0.03095486446273393
logK,61,121,7381,1.3159000081941485,0.04877387887820078,0.0,360,1.2758000520989299,1.3651000335812569,1.3159000081941485,0.09929313687875524
logK,121,241,29161,4.1455000173300505,0.024690511299338157,0.0,720,3.0092999804764986,3.8338000110040107,4.1455000173300505,0.5887617115903946
