strike_coordinate,nT,nK,grid_points,runtime_ms,invalid_share,interior_invalid_share,invalid_count,min_ms,mean_ms,median_ms,std_ms
K,31,61,1891,0.41739999869605526,0.09518773135906927,0.0,180,0.4096999982721172,0.4165666638679492,0.41739999869605526,0.005299264838745875
K,61,121,7381,0.6670999937341549,0.04877387887820078,0.0,360,0.6598000036319718,1.2618666660273448,0.6670999937341549,0.8462942142975188
K,121,241,29161,1.192399999126792,0.024690511299338157,0.0,720,1.1255999997956678,1.1805000006764506,1.192399999126792,0.04084368685956273
logK,31,61,1891,0.44440000056056306,0.09518773135906927,0.0,180,0.4269999990356155,0.44336666420955834,0.44440000056056306,0.012962079124927011
logK,61,121,7381,0.610800001595635,0.04877387887820078,0.0,360,0.6035000042174943,0.6178000015400661,0.610800001595635,0.015353390572573046
logK,121,241,29161,1.6929999983403832,0.024690511299338157,0.0,720,1.3739999994868413,1.9062333327989716,1.6929999983403832,0.5429737037125734
